whaleextrust,250506.5918
eosiseosbest,250000.0000
eosholdereos,128889.9700
caneossell21,108157.8980
heytqnrrgege,100000.0000
1111aaaa1111,94529.4099
iqnetworkpan,88423.4783
zhanyonghuia,58254.5552
eosram555555,57062.1626
whaleexgate4,56283.2606
guluiloveyou,54148.3164
geytknzxguge,50000.0000
whaleexdebit,44785.3962
duyu1234duyu,41777.2229
hitandrunlyu,39740.0000
iloveeos1314,39000.0000
bihujamiemao,32500.0000
bigflymoon11,31586.4044
sunchaoeos55,30000.0000
guomeiguomei,30000.0000
huangxiao123,27677.6538
gm2tsnrqgqge,25000.0000
gu3dmojygyge,22283.7028
smartcapital,22234.4271
xiaoxiaolove,20200.9269
godblesssyou,20111.5426
good1234good,20100.7269
emituofo1111,20005.2401
hunanhunan11,20001.2900
wdctlllltcdw,20000.3000
g44tgnjsgyge,20000.0000
gizteoigenes,20000.0000
eoscanonmoon,20000.0000
bdfxsyyeyxeb,19999.0000
btsgogo12345,17403.6258
yizhangwei11,15677.9234
baoooooooooo,15541.3805
zhongjianghu,15474.1106
beproudofyou,15436.4924
zhangziling1,15000.0000
hhh111111111,15000.0000
gyztqnjyhege,15000.0000
woodcrowfoot,13049.2101
eeeeeeeeeeex,12326.2619
gezdqojug4ge,12281.2562
businessplus,11811.9300
hotel.w,11573.6215
gy3timzugene,11386.8579
eosdexchange,10844.0000
jineosduoduo,10237.7028
eosmeloveyou,10125.1549
gu3tkmjsguge,10051.7361
eosbiologycn,10046.0283
eostaotao123,10003.8493
chiguapeople,10001.0001
eos555gogogo,10000.4643
bcyeosyes111,10000.0556
galaxyworlds,10000.0090
imblockchain,10000.0000
geztamzygene,10000.0000
iamzhanjiang,10000.0000
gu3demrvgmge,10000.0000
g4ydinjwhage,10000.0000
gi3tqojvhage,10000.0000
gm3tcmjxgqge,10000.0000
gu3tgmjqguge,10000.0000
gy2dsnzzhege,10000.0000
gu4tkmbtguge,10000.0000
ge3deobtgege,10000.0000
freeofwealth,10000.0000
gu4deojygmge,10000.0000
hezdgmjshege,10000.0000
fflovell1314,10000.0000
gmztkobqg4ge,10000.0000
ge3dqnrxgmge,10000.0000
gy3tknbwgene,10000.0000
eoseoseos124,10000.0000
moming111222,10000.0000
richardjulia,10000.0000
aaron1122334,10000.0000
cancanbehero,10000.0000
xiaojleos321,10000.0000
niubanjin123,10000.0000
otcotcotcotc,10000.0000
wukangwallet,10000.0000
xixi55221111,10000.0000
qirockbamboo,10000.0000
rogerbillion,10000.0000
microcapital,10000.0000
4413312wuszt,10000.0000
tokenuptoken,10000.0000
zhongrenzhia,10000.0000
lanxinhuizhi,10000.0000
lebron123eos,10000.0000
eoslaoluoluo,10000.0000
chingloveeos,10000.0000
upupeosmacan,10000.0000
wojiaohuluwa,10000.0000
333cuitongxi,10000.0000
miaokqeoseos,10000.0000
eoseosmaling,10000.0000
weilongf1111,10000.0000
eoscanjijin4,9999.5000
gu3tsnzuhege,9000.0000
eosnowgofree,7979.2019
lizongxun121,7800.0000
sleepingnoon,7500.0000
111112341234,7172.9459
heydcmjrhege,6554.7839
theeosofmine,6032.9620
ge2tonjtgige,5631.3079
gooogooogooo,5480.0000
eosmykeyftw1,5438.2127
chenwenquan2,5256.7944
lrqstudyeosi,5254.5248
haytmnbxgige,5199.8000
yycomeonbaby,5043.6216
poorguytoken,5018.8699
g43tiojqhage,5000.0228
littlebeauty,5000.0000
kaka11111111,5000.0000
hazdgnjtgmge,5000.0000
gqydknbsgene,5000.0000
ha3tggenesis,5000.0000
eoswalletsyj,5000.0000
wlyuan123wly,5000.0000
rongxianxian,5000.0000
shenyixuan11,5000.0000
gy3dgmrtgage,5000.0000
whocaretmeos,5000.0000
ge3dkmzwgyge,5000.0000
genesischain,5000.0000
chinaxiongan,5000.0000
bitcoinnbank,5000.0000
g42dembqgyge,5000.0000
btcetheosvet,5000.0000
abchxwabchxw,5000.0000
g4ydqnrqgege,5000.0000
duanxiandash,5000.0000
giytcnygenes,5000.0000
123xiaoyouxi,5000.0000
eoslogicfund,4999.5000
keykeykey123,4960.6939
tongwei54321,4916.0000
g44tenbzgage,4900.0000
wangyagang12,4259.5299
eosleo111111,4000.0000
yaoyaoeoseos,3800.0000
wuxiqi111123,3410.7033
eosloveyougo,3353.4403
guytgmrzguge,3314.2150
eoslaoliu121,3291.0577
eoswangan123,3083.0000
xiyatueoseos,3083.0000
gy2dqnjxgyge,3031.2217
guzdonjvguge,3000.0000
wangguoliang,3000.0000
sunshinebank,3000.0000
geztgobsgene,3000.0000
yiqifadacaio,2918.0000
kylekickass1,2670.0000
danielzhang1,2499.0000
tizzyandanna,2499.0000
bravefirefox,2381.0000
weifengjiang,2216.6076
xgdmcy121121,2000.0000
damao1111111,2000.0000
zihangweiwei,2000.0000
eosshiyiping,2000.0000
zihangtoken1,2000.0000
lcywjp123123,2000.0000
congratulate,2000.0000
eosfacebooka,2000.0000
gyzdomrtgage,2000.0000
bihukeymykey,1881.5078
ge3dmnzvgyge,1698.3000
topisthebest,1632.8194
jingkai2mumu,1532.4790
mariamoanago,1500.0000
gogogoheaven,1457.8843
zhangjunjing,1100.0000
moretop33333,1064.0199
ge2dqojzgyge,1001.5000
4w3kerkpbaud,1000.9980
eosforliming,1000.0000
lueosiseoslu,1000.0000
tongxywallet,1000.0000
xiaolulu2eos,1000.0000
jrrcryptoooo,1000.0000
xiaojiling33,1000.0000
mumutong1234,1000.0000
shzshxiyuan5,1000.0000
wangjingfu32,1000.0000
xuzhiruieos1,1000.0000
mjwrmijialin,1000.0000
o111owo111oo,1000.0000
koonkoonkoon,1000.0000
gezdsojqg4ge,1000.0000
gy2donjxguge,1000.0000
gy4tomrtgage,1000.0000
zemofundgood,1000.0000
g42timjqhage,1000.0000
zhichoupeter,1000.0000
haytimrrgyge,1000.0000
ge3dinrqg4ge,1000.0000
gyzdanzqgage,1000.0000
1xiaolongbao,1000.0000
haydemzyhage,1000.0000
132333333333,1000.0000
zhangzhangma,1000.0000
gm4toojqgene,1000.0000
zhuzimodeeos,1000.0000
gy3temzxgqge,1000.0000
z1111111111z,1000.0000
eosxbqwin111,1000.0000
gq2dcojtgqge,1000.0000
geztkobzgige,1000.0000
gy3dmobug4ge,1000.0000
amazingworld,972.8900
eosdreamergo,950.0000
mamamieoseos,900.0000
haveameeting,855.1440
he3tgobtgene,800.0000
zivyuan4gozi,700.0000
gyzdonbshege,699.9995
eostanglaoya,600.0368
eossuntaocun,595.0663
sxuzhe555555,500.0000
lovehuangmin,499.5000
sunyayayanan,400.0000
apeiapeiapei,328.1198
m33m33m33m33,300.0000
anmulcoincap,282.2680
doceemeetone,200.0000
punkwspunkws,200.0000
godsinger123,200.0000
heydombsgage,149.8102
hb12345lcy12,140.5022
ycqycq111111,138.3478
kibanakibana,135.2040
jeffreyeos12,120.0000
charlotte422,100.0000
yxtdeos12345,100.0000
neeeeeeeeeko,100.0000
robotcat1234,100.0000
spade1xinxin,100.0000
imrealwjdadi,96.1217
mybesteos512,80.2972
haytgmbyg4ge,71.2516
zhao2fintech,68.3371
xujianangou1,50.0000
newdexiofees,36.6974
adixa4jeflgt,13.2377
mykeytestacc,9.5000
haytmobrgyge,7.1986
eoscnvincent,6.5134
fishoneyouxi,5.0000
guzdsobwg4ge,4.2021
k1ng3r1tubb5,4.0379
gy2tambyguge,3.9964
guytsobyg4ge,2.9970
fusheghaoio2,2.3826
jadedragon44,2.2956
alibaba21314,1.4971
vincentchen1,1.0988
fra312hf2311,1.0420
trezoreosbor,1.0000
g4zdomzzgige,1.0000
wanglihanhao,0.9990
ha4tqojrgige,0.9990
defind.io,0.9980
keykey111222,0.9980
helloworld25,0.9925
liyongxiaeos,0.9405
5lisqkvt1n2q,0.8494
eosapreacher,0.8000
toponecoldqb,0.7963
gy2dknjugmge,0.5988
gyzdonzug4ge,0.5794
eosplayereos,0.5356
sunkym123kym,0.3499
keyisperfect,0.3000
onecoin13131,0.2548
zhangjinheng,0.1984
gy2dkojxgege,0.1649
friends4life,0.1612
imranansari1,0.1219
maoxin111111,0.1199
miguelmarron,0.1143
dengxiaochun,0.1000
ramisperfect,0.1000
geztkobqgene,0.1000
trust.game,0.0998
fxm333333332,0.0998
ge3dmmrxgyge,0.0997
haydmnzzgage,0.0900
googlemap111,0.0786
hezdonjtgqge,0.0778
iplayeosgame,0.0770
zackzackzack,0.0568
xiaomimobile,0.0500
xiaojiangeos,0.0441
androidlinux,0.0409
daidong11111,0.0308
haytsmzqguge,0.0300
eoslovechina,0.0250
g44dqnzuguge,0.0250
enzyme42wllt,0.0235
goldismylove,0.0200
virtualaccon,0.0119
mingxiangtan,0.0110
pratss3q4jlx,0.0109
paramotorguy,0.0105
everyeosbank,0.0105
ge4tonrygqge,0.0100
daidongwhale,0.0100
kylekickass2,0.0096
gu3tonjsgmge,0.0054
whaleex12345,0.0010
rubbishcandy,0.0008
newdexpublic,0.0003
eosnotbad555,0.0002
yongzhenning,0.0001
terrywangs15,0.0001
seablueoneos,0.0001
gu3sghjrn4ge,0.0001
scyscyscyscy,0.0001
daydream3333,0.0001
vincent23333,0.0001
ge2damjvg4ge,0.0001
gy3temrshege,0.0001
g44toobwhage,0.0001
robotization,0.0001
arbitrageeos,0.0001
wilfrawilfra,0.0001
afterfreeyao,0.0001
eosjenny1114,0.0001
xiaoxiaoxiao,0.0001
clearveoseos,0.0001
